1	Abomination	2851
2	Unnatural	3262
3	Distorted	6680
4	Warped	5367
5	Aberrant	2757
6	Twisted	8193
7	Uncomprehending	3465
8	Grotesque	9737
9	Otherworldly	5435
10	Unloveable	6329
11	Nightmarish	7065
12	Inappropriate	6347
13	Uncivilized	7421
14	Loathsome	2971
15	Freakish	3547
16	Miscreated	6319
17	Lurid	9758
18	Intolerable	3960
19	Flagrant	2182
20	Unwelcome	5399
21	Cacophonic	3649
22	Abhorrent	7341
23	Brutal	5642
24	Toxic	6824
25	Vicious	6544
26	Disturbing	6184
27	Discordant	9388
28	Insufferable	5986
29	Deviant	4397
30	Isolated	4694
31	Heretical	9018
32	Alienating	7326
33	Combative	6344
34	Outsider	8906
35	Taboo	8016
36	Corruptive	7965
37	Selfish	4473
38	Shadowed	4695
39	Conspiratorial	9801
40	Wayward	8164
41	Detached	8947
42	Impudent	8165
43	Insouciant	6907
44	Threatening	5655
45	Tactless	12796
46	Narcissistic	7527
47	Delusional	9475
48	Imposter	9189
49	Heedless	5624
50	Nocturnal	9892
51	Foreign	7659
52	Outcast	8930
53	Threatening	6855
54	Feral	5472
55	Antisocial	7127
56	Ersatz	5924
57	Heretic	8180
58	Uncontrollable	8134
59	Intractable	8097
60	Estranged	8935
61	Recalcitrant	7290
62	Callous	7178
63	Uncompromising	7295
64	Antagonistic	6425
65	Misconstrued	7116
66	Acrimonious	8301
67	Confrontational	5973
68	Taciturn	7436
69	Outlier	6313
70	Disconnected	7627
71	Obfuscating	7078
72	Surreal	1904
73	Savage	8966
74	Eldritch	6304
75	Rejetée	8087
76	Abandoned	5946
77	Sui Generis	9793
78	Unrepentant	9402
79	Sociopathic	10806
80	Undead	11496
81	Crippled	6597
82	Lost	7603
83	Entitled	8325
84	Treasonous	8914
85	Insurgent	6774
86	Disjointed	5926
87	Hotheaded	5493
88	Terrorizing	7164
89	Desperate	7013
90	Mythomaniacal	10512
91	Venomous	7594
92	Recreant	3418
93	Insane	12488
94	Impossible	7599
95	Unspeakable	6224
96	Chaotic	8144
97	Zealot	6275
98	Moon-Touched	7132
99	Vengeful	9129
100	Sapient	18755